texte,detresse
"Bonne journée aujourd'hui, j'ai vu des amis et on a bien ri",0
"Je suis un peu fatigué mais globalement ça va",0
"J'ai réussi mon examen, je suis fier de moi",0
"La séance de méditation m'a vraiment détendu",0
"Journée calme, j'ai lu un livre et fait une balade",0
"Un peu stressé par le travail mais je gère",0
"J'ai bien dormi cette nuit, je me sens reposé",0
"Repas en famille ce soir, c'était agréable",0
"J'ai fait du sport ce matin, ça m'a fait du bien",0
"Rien de spécial aujourd'hui, une journée normale",0
"Je commence à mieux gérer mon anxiété grâce aux exercices de respiration",0
"Petite dispute avec mon collègue mais on a réglé ça",0
"J'ai hâte de partir en vacances le mois prochain",0
"Le rendez-vous avec ma psychologue s'est bien passé",0
"Je me sens plus serein qu'hier",0
"Il a plu toute la journée, je suis resté à la maison tranquillement",0
"J'ai cuisiné un nouveau plat, c'était réussi",0
"Un peu de nervosité avant la présentation mais tout s'est bien passé",0
"J'ai appelé ma mère, ça m'a remonté le moral",0
"Je suis content d'avoir terminé ce projet",0
"Journée chargée au bureau mais productive",0
"J'ai pris du temps pour moi, ça fait du bien",0
"Je dors mieux depuis que j'ai arrêté les écrans le soir",0
"Le week-end a été reposant",0
"Je me suis senti un peu seul ce soir mais j'ai regardé un bon film",0
"Petit coup de fatigue cet après-midi, rien de grave",0
"J'ai commencé le yoga, c'est apaisant",0
"Les exercices de respiration m'aident avant de dormir",0
"Je suis motivé pour la semaine qui arrive",0
"Bonne nouvelle au travail, j'ai eu une promotion",0
"Un peu triste que mon ami déménage mais on restera en contact",0
"J'ai passé l'après-midi au parc avec mes enfants",0
"Le stress des examens est là mais je m'organise",0
"J'ai tenu mon journal tous les jours cette semaine",0
"Je me sens reconnaissant pour ce que j'ai",0
"Ma journée a été moyenne, sans plus",0
"J'ai eu du mal à me concentrer mais j'ai fini mes tâches",0
"Discussion intéressante avec mon thérapeute aujourd'hui",0
"J'ai retrouvé l'envie de dessiner",0
"Je suis un peu anxieux pour demain mais ça ira",0
"Sortie au cinéma avec ma sœur",0
"J'ai médité dix minutes ce matin",0
"Je me suis promené au bord de la mer",0
"Les choses s'améliorent doucement",0
"J'ai bien avancé sur mes objectifs personnels",0
"Une journée ordinaire, un peu ennuyeuse",0
"J'ai été irrité dans les transports mais ça m'est passé",0
"Je ressens moins de pression qu'avant",0
"J'ai écouté de la musique et je me suis détendu",0
"J'ai rangé mon appartement, je me sens plus léger",0
"Je n'en peux plus, tout s'effondre autour de moi",1
"Je me sens complètement vide et inutile",1
"Personne ne m'aime, je suis seul au monde",1
"Je ne vois plus aucune issue à ma situation",1
"J'ai envie de disparaître pour que tout s'arrête",1
"Je pleure tous les soirs et je n'arrive plus à me lever",1
"Tout le monde serait mieux sans moi",1
"Je ne sers à rien, je suis un fardeau pour ma famille",1
"Je suis épuisé de vivre comme ça, ça ne changera jamais",1
"Je ne dors plus, je ne mange plus, plus rien n'a de sens",1
"Je ressens un désespoir profond depuis des semaines",1
"J'ai l'impression de me noyer et que personne ne le voit",1
"Je voudrais m'endormir et ne plus me réveiller",1
"À quoi bon continuer, rien ne s'arrange",1
"Je me déteste, je mérite ce qui m'arrive",1
"Je n'ai plus la force de faire semblant que tout va bien",1
"Je me sens pris au piège, sans aucune sortie possible",1
"Ma vie n'a plus aucune valeur",1
"Je pense souvent que ce serait plus simple si je n'étais plus là",1
"Je me suis isolé de tout le monde, je n'ai plus envie de rien",1
"Chaque jour est une torture, je ne tiens plus",1
"J'ai perdu tout espoir que ça aille mieux un jour",1
"Je suis à bout, je craque complètement",1
"Il n'y a plus de lumière au bout du tunnel",1
"Je me sens abandonné et sans valeur",1
"Je n'arrive plus à supporter cette douleur intérieure",1
"Je voudrais que tout s'arrête définitivement",1
"Je suis un poids pour tout le monde autour de moi",1
"Rien ne compte plus, je me sens mort à l'intérieur",1
"J'ai écrit une lettre d'adieu à mes proches",1
"Je pense à la mort tous les jours",1
"Je ne mérite pas de vivre",1
"Je me sens tellement mal que j'ai envie de me blesser",1
"Je n'ai plus aucune raison de me battre",1
"Je suis enfermé dans ma tristesse et je n'en sortirai jamais",1
"Je donne mes affaires, je n'en aurai plus besoin",1
"Je suis fatigué de lutter contre mes pensées noires",1
"Plus personne ne remarquerait si je partais",1
"Je suis submergé par l'angoisse au point de ne plus respirer",1
"Mes pensées sombres reviennent sans arrêt",1
"Je me sens inutile et sans avenir",1
"La douleur est trop forte, je n'y arrive plus",1
"Je regrette d'être né",1
"Je me sens complètement perdu et désespéré",1
"Je ne supporte plus ma vie",1
"Je n'ai plus goût à rien depuis des mois",1
"Tout est noir, je ne vois pas comment m'en sortir",1
"Je me sens brisé de l'intérieur",1
"J'ai l'impression que ma vie est finie",1
"Je reste au lit toute la journée sans pouvoir bouger",1
"Je suis un peu stressé par mes examens mais je révise bien",0
"Les examens approchent, j'ai un peu la pression",0
"Je suis stressé pour mon entretien d'embauche demain",0
"Un peu d'anxiété avant mon rendez-vous chez le médecin",0
"J'ai fait du sport et je me sens en forme",0
"Bonne séance de course à pied ce matin",0
"Je suis allé à la salle de sport après le travail",0
"Je suis fatigué après une longue journée mais content",0
"Grosse journée au bureau, je suis crevé",0
"J'ai mal dormi mais la journée s'est bien passée",0
"Je suis énervé contre mon collègue qui ne fait rien",0
"Mon voisin fait trop de bruit, ça m'agace",0
"Cet idiot m'a coupé la route ce matin, j'étais furieux",0
"Je suis en colère contre mon frère, on s'est disputés",0
"Tu es vraiment pénible aujourd'hui",0
"Ferme-la, tu m'énerves avec tes remarques",0
"Je trouve ce film nul, quelle perte de temps",0
"Le service client était catastrophique",0
"Je suis frustré par les bouchons sur la route",0
"Je stresse pour mon déménagement mais tout est prêt",0
"J'ai beaucoup de travail cette semaine",0
"Je me sens un peu nerveux avant le match",0
"J'ai eu une mauvaise note mais je vais me rattraper",0
"Petite baisse de moral ce soir, demain sera meilleur",0
"Je suis un peu triste que les vacances soient finies",0
"J'ai pleuré devant un film émouvant",0
"Mon chat est malade, je m'inquiète un peu pour lui",0
"Je suis content d'avoir parlé avec ma thérapeute",0
"La méditation m'aide à mieux gérer mes émotions",0
"Merci docteur pour la séance d'hier",0
"Bonjour, est-ce qu'on peut décaler le rendez-vous ?",0
"J'ai bien suivi vos conseils cette semaine",0
"Je me suis senti seul ce week-end mais j'ai appelé un ami",0
"Le stress du travail est là mais je fais des pauses",0
"Je dors mieux depuis quelques jours",0
"Rien de spécial, journée tranquille",0
"Je suis motivé pour reprendre le sport",0
"J'ai réussi à dire non à mon chef, je suis fier",0
"Petit coup de stress ce matin, puis ça allait",0
"J'ai mangé avec des collègues, c'était sympa",0
"Je me sens un peu débordé mais je m'organise",0
"Je suis irrité par cette situation administrative",0
"Je n'aime pas mon travail en ce moment, je cherche autre chose",0
"Je suis inquiet pour ma mère qui est à l'hôpital",0
"Mon examen s'est mal passé, je suis déçu",0
"Je suis fatigué de ces travaux dans l'immeuble",0
"Je n'ai plus envie de rien, tout me paraît inutile",1
"Je pense que ma vie ne vaut plus rien",1
"Je me sens tellement seul que je voudrais disparaître",1
"Je n'arrive plus à me lever le matin, tout est trop lourd",1
"J'ai l'impression d'être un fardeau pour tout le monde",1
"Je ne vois plus de raison de continuer",1
"Je me fais du mal quand ça ne va pas",1
"Je pleure sans arrêt et je ne sais plus quoi faire",1
"J'ai perdu goût à la vie",1
"Je suis épuisé moralement, je n'en peux plus de vivre ainsi",1
"Je me sens bien aujourd'hui",0
"Je me sens bien, la journée était agréable",0
"Je me sens heureux aujourd'hui",0
"Je me sens heureuse avec ma famille",0
"Je me sens calme après la méditation",0
"Je me sens reposé après ce week-end",0
"Je me sens en forme ce matin",0
"Je me sens mieux qu'hier",0
"Je me sens fier de ce que j'ai accompli",0
"Je me sens soutenu par mes amis",0
"Je me sens léger après avoir parlé à quelqu'un",0
"Je me sens confiant pour la suite",0
"Je me sens détendu après le sport",0
"Je me sens apaisé, la séance m'a fait du bien",0
"Je me sens motivée pour cette nouvelle semaine",0
"Je me sens reconnaissant pour ma journée",0
"Je me sens un peu fatigué mais heureux",0
"Je me sens serein ce soir",0
"Très belle journée avec mes amis, je me sens bien",0
"Super journée, je me sens plein d'énergie",0
"Belle soirée entre amis, j'ai beaucoup ri",0
"Très bonne journée, tout s'est bien passé",0
"J'ai passé une excellente journée",0
"Je me sens bien entouré",0
"Je me sens vraiment mieux depuis quelques semaines",0
"Je me sens à ma place dans ma nouvelle équipe",0
"Bonjour, merci beaucoup pour votre écoute",0
"Pouvez-vous me confirmer l'heure de la séance ?",0
"Je serai là demain à 10 h comme prévu",0
"Désolé, je dois annuler la séance de lundi",0
"Merci pour le conseil, je vais essayer",0
"Je pense qu'on pourrait parler de mon travail la prochaine fois",0
"Je n'ai pas bien compris l'exercice, pouvez-vous m'expliquer ?",0
"Je ne partage pas votre avis sur ce point",0
"Pardon pour le retard de ma réponse",0
"Bonne soirée et à la semaine prochaine",0
"Est-il possible d'avoir un rendez-vous plus tôt ?",0
"J'ai oublié de vous dire quelque chose pendant la séance",0
"Tu es nul, tu ne comprends rien",0
"Quel abruti ce thérapeute",0
"Arrête de me prendre pour un idiot",0
"Dégage, je ne veux plus te parler",0
"T'es qu'un incapable",0
"Tais-toi, tu racontes n'importe quoi",0
"Bande d'incompétents, votre service est pourri",0
"Je suis agacé, le rendez-vous a encore été déplacé",0
"Je suis déçu de ne pas avoir été retenu pour le stage",0
"J'hésite beaucoup avant de prendre cette décision",0
"Je manque un peu de confiance avant la présentation",0
"Je suis contrarié par le résultat du match",0
"Je n'ai pas eu l'augmentation espérée, c'est frustrant",0
"Je me demande si je suis à la hauteur pour ce nouveau poste",0
"Comment supprimer mon compte ?",0
"Je veux télécharger mes données personnelles",0
"Comment effacer mon historique ?",0
"Où puis-je modifier mon mot de passe ?",0
"Comment activer la connexion par le visage ?",0
"Comment annuler une séance ?",0
"Est-ce que mon journal est confidentiel ?",0
"Comment fonctionne la messagerie ?",0
"Je n'arrive pas à me connecter à mon compte",0
"Comment changer mon adresse e-mail ?",0
"Quels sont les horaires des thérapeutes ?",0
"Comment voir mes prochains rendez-vous ?",0
"L'application ne charge pas, que faire ?",0
"Comment désactiver les notifications ?",0
"Où trouver les exercices de méditation ?",0
